<?xml version="1.0" encoding="UTF-8"?>
<beans xmlns="http://www.springframework.org/schema/beans"
	xmlns:xsi="http://www.w3.org/2001/XMLSchema-instance" xmlns:tx="http://www.springframework.org/schema/tx"
	xmlns:context="http://www.springframework.org/schema/context"
	xmlns:mvc="http://www.springframework.org/schema/mvc"
	xsi:schemaLocation="http://www.springframework.org/schema/beans 
	http://www.springframework.org/schema/beans/spring-beans-3.0.xsd 
	http://www.springframework.org/schema/tx 
	http://www.springframework.org/schema/tx/spring-tx-3.0.xsd
	http://www.springframework.org/schema/context
    http://www.springframework.org/schema/context/spring-context-3.0.xsd
	http://www.springframework.org/schema/mvc
    http://www.springframework.org/schema/mvc/spring-mvc-3.0.xsd">

	<!-- 默认的注解映射的支持 -->
	<mvc:annotation-driven/>
	<context:annotation-config/>
	
	<mvc:resources location="/css/" mapping="/css/**"/>
	<mvc:resources location="/js/" mapping="/js/**"/>
	<mvc:resources location="/img/" mapping="/img/**"></mvc:resources>
	<mvc:resources location="/image/" mapping="/image/**"/>
	<mvc:resources location="/javascript/" mapping="/javascript/**"/>
	<mvc:resources location="/uploadfiles/" mapping="/uploadfiles/**"/>
	<mvc:resources location="/fonts/" mapping="/fonts/**"/>
	<!-- <mvc:resources location="/WEB-INF/page/" mapping="/WEB-INF/page/**"/> -->

	<!-- 自动扫描的包名 -->
	<context:component-scan base-package="net.shangtech.**.controller"/>

	<!-- 
	<bean id="handlerMapping" class="org.springframework.web.servlet.mvc.annotation.DefaultAnnotationHandlerMapping"/>

	<bean id="handlerAdapter" class="org.springframework.web.servlet.mvc.annotation.AnnotationMethodHandlerAdapter"/>
	 -->
	<bean id="multipartResolver" class="org.springframework.web.multipart.commons.CommonsMultipartResolver">
		<property name="maxUploadSize" value="10485760"></property>
		<property name="maxInMemorySize" value="10485760"></property>
	</bean>

	<bean class="org.springframework.web.servlet.view.InternalResourceViewResolver">
		<property name="prefix" value="/WEB-INF/page/"/>
		<property name="suffix" value=".jsp"/>
		<property name="viewClass" value="org.springframework.web.servlet.view.JstlView"></property>
	</bean>
	
	<bean id="mappingJacksonHttpMessageConverter" class="org.springframework.http.converter.json.MappingJackson2HttpMessageConverter" />
</beans>